"","StateNum","RouteName","partition","Jaccard.dissim","Sorensen.dissim","Jaccard.turnover","water.t1","urban.t1","forest.t1","grassland.t1","cropland.t1","wetland.t1","water.t2","urban.t2","forest.t2","grassland.t2","cropland.t2","wetland.t2","delta.urban","delta.forest","delta.grassland","delta.cropland","delta.wetland","abs.delta.lc","tmean.t1","tmean.t2","prec.t1","prec.t2","q0.t1","q1.t1","q2.t1","qInf.t1","berger.t1","even.t1","q0.t2","q1.t2","q2.t2","qInf.t2","berger.t2","even.t2","delta.q0","delta.q1","delta.q2","delta.qInf","delta.berger","delta.even","delta.temp","CountryNum","state","delta.total"
"936",33,"FEATHERVILLE","FEATHERVILLE 5",0.833333333333333,0.714285714285714,0.545454545454545,0,0,75.0085,24.9323,0,0.0161,0,0,44.1088,55.832,0,0.0161,0,-30.8997,30.8997,0,0,30.8997,12.93675,13.4079999999999,18.53235,22.417,27,18.2789,13.5969,7.1818,0.1392,0.8816,8,6.6709,5.7619,3.6667,0.2727,0.9126,-19,-11.6081,-7.835,-3.5152,0.1335,0.031,0.47124999999995,840,"      IDAHO                         ",30.8997
"2816",69,"WARNER VALLY","WARNER VALLY 1",0.807692307692308,0.67741935483871,0.444444444444444,28.9637,1.2494,1.7208,67.263,0,0.4589,0.0054,1.2494,1.8338,94.6618,0,2.203,0,0.113,27.3988,0,1.7441,14.62795,13.42,12.8374999999999,5.61141666666667,39.1589166666666,48,22.6619,15.0003,7.2836,0.1373,0.8061,14,7.5873,5.1235,2.72,0.3676,0.7679,-34,-15.0746,-9.8767,-4.5636,0.2304,-0.0382,-0.582500000000001,840,"      OREGON                        ",14.62795
"4003",92,"FOX PARK","FOX PARK 5",0.821428571428571,0.696969696969697,0.814814814814815,0,0.0771,92.3438,6.3709,0,1.2082,0,0.0771,90.9169,7.7978,0,1.2082,0,-1.4269,1.4269,0,0,1.4269,7.91590909090906,8.76772727272727,30.5480227272727,53.0058863636363,17,11.3174,8.483,4.75,0.2105,0.8564,16,9.7533,7.335,4.4737,0.2235,0.8215,-1,-1.5641,-1.148,-0.2763,0.013,-0.0349,0.851818181818215,840,"      WYOMING                       ",1.4269
